{"cameraMode":{"drawMode":0,"name":"Shaded","section":"Shading Mode"},"sceneLighting":true,"audioPlay":false,"sceneViewState":{"m_AlwaysRefresh":false,"showFog":true,"showSkybox":true,"showFlares":true,"showImageEffects":true,"showParticleSystems":true,"showVisualEffectGraphs":true,"m_FxEnabled":true},"in2DMode":false,"pivot":{"x":-1.0268546342849732,"y":-0.6629161238670349,"z":-6.918453216552734},"rotation":{"x":-0.18877580761909486,"y":0.22145816683769227,"z":-0.04374293237924576,"w":-0.9557331204414368},"size":12.987627029418946,"orthographic":false}